{
	"questions": [
		{
                        "question": "What period did the T-Rex roam the earth?",
                        "response": "The Cretaceous Period!",
                        "options": [
                            "1. The Cretaceous Period",
                            "2. 20 AD",
                            "3. The Jurrassic Period",
                            "4. The Triassic Period"
                        ],
			"correctIndex": 0
		},
		{
                        "question": "The T-Rex is part of which group?",
                        "response": "The T-Rex was part of the theropods!",
                        "options": [
                            "1. Sauropods",
                            "2. Theropods",
                            "3. Amphipodes",
                            "4. Ornithopods"
                        ],
			"correctIndex": 1
		},
		{
                        "question": "T-Rex lived in which biome?",
                        "response": "They lived near forests and rivers",
                        "options": [
                            "1. Jurrassic Park",
                            "2. Beaches",
                            "3. Forests",
                            "4. Savannah"
                        ],
			"correctIndex": 2
                },
                {
                        "question": "Which of the following is a debated aspect of T. rex's behavior?",
                        "response": "The test question response",
                        "options": [
                            "1. Its ability to swim",
                            "2. Its diet as a strict herbivore",
                            "3. Whether it was a scavenger or predator",
                            "4. Its migration patterns"
                        ],
                        "correctIndex": 2,
                        "fact": "The Tyrannosaurus rex is one of the most well-known and formidable dinosaurs that roamed the Earth during the late Cretaceous period, about 66 to 68 million years ago. This apex predator was first discovered in 1902 by Barnum Brown, and since then, numerous specimens have been found across North America, enhancing our understanding of this gigantic creature. Standing at about 12 meters long and weighing up to 14 tons, the T-rex is distinguished by its massive skull, powerful jaw, and sharp teeth, some of which measured over 30 centimeters in length! Its strong hind legs supported its massive body, while its comparatively small arms, with just two fingers, remain a subject of scientific intrigue and debate. Research indicates that T-rex was likely both a predator and a scavenger, possessing an incredible sense of smell to locate carcasses over great distances. Recent studies using advanced imaging and biomechanical modeling suggest that T-rex could bite with a force of over 6,000 pounds per square inch, that's one powerful bite! The T-rex continues to captivate both the scientific community and the public imagination, symbolizing the mystery and majesty of the age of dinosaurs."
                }
	]
}
